id;ci;primerNom;segundoNom;primerApe;segundoApe;genero;fechaNacimiento;email;calle;npuerta;id_ciudad;habilitado;id_tipo;especialidad;usuario;contrasena;pin
34;4606718;Julia;Leila;Howe;Perry;M;1959-05-10;Maecenas.libero@gmail.com;Quisque;1538;2;NULL;2;Ginecologa;jul59;681nlo;NULL
35;3557076;Beverly;NULL;Riley;Contreras;M;1999-09-26;nulla.at.sem@hotmail.com;Vivamus;4995;5;1;3;NULL;NULL;NULL;NULL
36;2839922;Anastasia;Jaquelyn;Crado;Kiss;M;1946-11-10;lobortis.tellus.justo@gmail.com;Ariel;5999;6;NULL;1;NULL;admintata16;14adhj;2006
37;4133638;Oscar;Spencer;Rodriguez;Yang;H;2002-07-20;nec@utpharetra.net;Box;8500;10;0;3;NULL;NULL;NULL;NULL
38;1432111;Alexander;Marcelo;Coper;Wallace;H;1967-05-16;ultrices.sit@egestaslacinia.com;Oncativo;5943;1;1;3;NULL;NULL;NULL;NULL
39;2204067;Nicole;NULL;Ocampos;Vinson;M;1986-07-27;ultrices.sit.amet@Integer.net;Malesuada;4229;1;1;3;NULL;NULL;NULL;NULL
40;5666113;Pedro;Ivan;Casilla;Woodward;H;2000-05-03;mauris.ut@justonecante.com;Elementum;6006;1;1;3;NULL;NULL;NULL;NULL
41;4280732;Joaquin;Sebastian;Monroe;Diaz;H;1995-06-21;Integer.id.magna@parturient.com;Facilisis;8334;1;1;3;NULL;NULL;NULL;NULL
42;3156712;Camila;NULL;Perez;Roy;M;1985-11-11;tristique.aliquet@inceptos.com;"Av. Italia";9062;1;1;3;NULL;NULL;NULL;NULL
43;6149604;Micaela;Julieta;Foster;Bowman;M;1979-07-18;sociosqu.ad.litora@gmail.com;Lacinia;9988;6;NULL;2;Oftalmologa;jul79;qn96v3;NULL
44;5224198;Erik;Carlos;Rice;Carpe;H;1966-12-26;non.luctus.sit@lacusvarius.org;Parturient;7016;17;NULL;2;Otorrinolaringólogo;ric66;v13t35;NULL
45;3208289;Thadeo;Juan;Guerrero;Tran;H;1975-02-11;amet.ornare.lectus@facilisis.com;Temperley;1078;22;NULL;2;Cardiologa;tran75;uw148j;NULL
46;4596088;Aldo;NULL;Barrios;Lopez;H;1979-03-17;tincidunt.adipiscing@egetvenenatis.ca;"Av. Rivera";4235;25;NULL;2;"Medicina General";aldo79;b8o4bw;NULL
47;6663503;Guillermo;José;Rige;Gentry;H;2001-06-03;nec.leo.Morbi@iaculis.net;Magna;3339;28;NULL;2;Neurologo;rig01;y07b46;NULL
48;6695371;Lydia;Emilia;Colinas;Campos;M;1974-09-11;egestas@liberoestcongue.org;Libero;8243;1;NULL;2;Neumologa;lyd74;me4a6c;NULL
49;4068858;Javier;NULL;Park;Welch;H;2000-07-13;odio.Aliquam.vulputate@dapibusidblandit.edu;Augue;8682;1;NULL;2;Gastroenterologo;jav20;kvs6hk;NULL
50;5114430;Santiago;NULL;Garcia;Mercado;H;1978-10-04;nisl.sem@velesttempor.com;Dolor;7158;16;NULL;2;Infectologo;san78;n3a71h;NULL
51;3038135;Melanie;NULL;Burris;Crane;M;1992-04-07;gravida@purusmaurisa.com;Aliquam;4621;2;NULL;2;Neurologo;mel92;eo2161;NULL
52;3845826;Kevin;Ricardo;Alfonso;Perry;H;1972-11-11;bibendum.sed@dolor.edu;Amet;2092;28;NULL;2;Proctologo;kev72;3j7yc7;NULL
53;5185760;Vincente;NULL;Sanders;Chavez;H;1977-01-16;eget.metus@vulputate.edu;Egestas;6922;1;NULL;2;Reumatologo;vic77;55j9in;NULL
54;1298681;Ruby;NULL;Walto;Buker;H;2003-07-20;Lorem.ipsum@gmail.com;Bell;4789;7;1;3;NULL;NULL;NULL;NULL
55;4244423;Benjamin;Lucas;Norris;Ryan;H;2002-12-10;dis.parturient.montes@htomail.com;Palermo;1333;12;1;3;NULL;NULL;NULL;NULL
56;4925527;Mia;Lana;Velazquez;Glover;M;2014-01-11;arcu@mauris.edu.uy;Siracusa;8742;31;1;3;NULL;NULL;NULL;NULL
57;2113795;Eleanor;NULL;Casey;Haynes;M;1960-10-04;sagittis.Nullam.vitae@elementumategestas.org;"Calle 3";2284;25;1;3;NULL;NULL;NULL;NULL
58;5367691;Martin;Brian;Mcdowell;Mileto;H;1944-01-23;molestie.pharetra.nibh@enimMauris.com;Orinoco;4434;23;1;3;NULL;NULL;NULL;NULL
59;1161827;Kalani;NULL;Hilikiler;Mope;M;2009-05-26;non.dui@tinciduntcongueturpis.org;"Calle 4";5638;21;1;3;NULL;NULL;NULL;NULL
60;6865147;Mariela;Jasmine;Nicholson;Stephens;M;1980-04-02;mi@erosProinultrices.edu;Arocena;5050;6;1;3;NULL;NULL;NULL;NULL
61;6215711;Neville;Sean;Rice;Mills;H;1985-05-11;velit.Quisque@nibh.edu;"Av. Sayago";4469;16;1;3;NULL;NULL;NULL;NULL
62;3972336;Wilson;NULL;"Da Silva";Ferreira;H;2001-03-06;nisl@aliquam.net;Av.Millán;8976;28;1;3;NULL;NULL;NULL;NULL
63;1638544;Santiago;Nahuel;Hernandez;Rios;H;1982-07-23;enim.non@tortor.com;Av.Italia;9356;1;1;3;NULL;NULL;NULL;NULL
64;1840486;Facundo;Ezequiel;Ibañez;Martinez;H;1967-06-30;fringilla@aauctornon.co.uk;Aconcagua;3021;4;1;3;NULL;NULL;NULL;NULL
65;2411523;Marcelo;Usbo;Nelson;Alegre;H;1992-10-19;ac.risus@a.ca;"Av José Batlle y Ordóñez";9699;7;1;3;NULL;NULL;NULL;NULL
66;4142032;Anika;NULL;Fitzpatrick;Gray;M;1961-02-17;nisl@dictum.edu;Echeverria;4638;9;1;3;NULL;NULL;NULL;NULL
67;5305183;Hermione;Deirdre;Cochran;Bright;M;1988-03-02;posuere.vulputate.lacus@feugiatSednec.co.uk;"Antonio María Márquez";8737;6;NULL;2;Nefrología;herma53;ion44e;NULL
68;5388472;Sierra;NULL;Petersen;Sims;M;1993-04-26;non.bibendum@estarcuac.edu;"Sargento Patricio";3232;10;NULL;2;Reumatología;sen555;sie472;NULL
69;3720102;Rodrigo;Jonah;Hull;Little;H;1966-08-13;vel@mitemporlorem.org;"Av. Eugenio Garzón";8205;11;NULL;2;Pediatría;rodr09;jon454;NULL
70;5544021;Harrison;NULL;Mayo;Wyatt;H;1961-03-30;nunc.nulla.vulputate@semperauctor.co.uk;"Cno Gral Maximo Santos";6156;22;NULL;2;Neurología;harr56;mayd66;NULL
71;2018614;Keaton;Lydia;Howell;Conley;M;1976-01-13;elit.elit.fermentum@Loremipsum.edu;"Av. 18 de Julio";8020;23;NULL;2;Gastroenterología;keat12;ho4k55;NULL
72;4086563;Gwendolyn;Lawrence;Horne;Puckett;H;1964-07-28;varius.et.euismod@sodales.org;"Calle 2";4516;6;NULL;2;Alergología;lynlaw;lyn6h63;NULL
73;4721360;Isaac;Joshua;Calhoun;Mercado;H;1962-09-17;vulputate@etultrices.co.uk;Confederada;2259;31;NULL;2;Angiología;isacc4;is5a4c;NULL
74;3594744;Germaine;Emma;Pate;Rollins;M;1972-06-22;vel@Donec.com;Carafí;7584;1;NULL;2;Hepatología;emma44;em4am4;NULL
75;4160504;Braian;NULL;Mccray;Odonnell;H;1978-09-25;eleifend.egestas@ametrisus.net;"Turpis Avenue";2318;1;NULL;1;NULL;bra78;0h56i6;2534
76;5195681;Nicole;Silvia;Buchanan;Ferreira;M;1987-07-16;vel.est@amalesuada.org;Mollis;1834;25;NULL;1;NULL;nic78;s7m4qf;5234
77;2542345;Melanie;Yennifer;Warren;Hart;M;1964-12-06;Cras@ultricesmaurisipsum.edu;Velodromo;9443;20;NULL;1;NULL;mel64;84ulkc;6324
78;4527576;Amanda;Yoko;Morales;Pacheco;M;1992-04-14;Curabitur@necmollis.org;"Av. Molestie";7292;1;NULL;1;NULL;ama92;clfv8w;1523
79;3970678;Karen;NULL;Blevins;Colon;M;1976-12-22;cursus.diam@elitNulla.org;Gravida;8878;30;NULL;1;NULL;kar76;g3b57t;4234
80;3271525;Ignacio;NULL;Sosa;Rose;H;1990-02-16;dapibus.rutrum@dictum.org;Purus;6339;29;NULL;1;NULL;ign90;b619jo;2315
81;4568360;Maximiliano;Xerxes;Louise;Velazquez;H;1984-12-30;per.inceptos.hymenaeos@acturpisegestas.com;"Av. giannatasio";3960;1;NULL;1;NULL;max84;p9u4rn;5214
82;2150312;Cesar;Carter;Villarreal;Oconnor;H;1993-08-17;faucibus@eleifendegestasSed.net;"Jose belloni";2057;22;NULL;1;NULL;ces93;xir00p;9089
83;3563054;Enzo;Vincente;Antoñoni;Mcmillan;H;1968-01-05;euismod@nectempusmauris.net;"Av. Egestas";7865;3;NULL;1;NULL;enz68;ah9fx5;8669
